"journalist","publication_id","date","title","text"
"Jane Winters","pub_001","2024-01-05","The Rise of Remote Work Policies","Companies across the country are rethinking their office strategies as remote work continues to reshape the modern workplace. Studies show productivity gains but also challenges in team cohesion and mentorship for junior employees. Many firms are adopting hybrid models as a compromise."
"Jane Winters","pub_002","2024-02-10","Tech Layoffs and the Labor Market","The wave of technology sector layoffs that began in 2023 has continued into the new year. Tens of thousands of workers have been displaced from high-paying roles. Economists debate whether this signals a broader slowdown or a sector-specific correction after pandemic-era over-hiring."
"Jane Winters","pub_003","2024-03-15","Minimum Wage Debates Intensify","Legislators in a dozen states are advancing proposals to raise the minimum wage above the federal floor. Supporters argue that workers need relief from rising costs of living. Critics warn of potential job losses among small businesses that operate on thin margins."
"Jane Winters","pub_004","2024-04-02","Gig Economy Workers Push for Benefits","Gig workers for major platforms are organizing to demand basic benefits including health insurance and paid leave. Courts in several jurisdictions are weighing whether these workers should be classified as employees. The outcome could reshape the entire gig economy business model."
"Jane Winters","pub_005","2024-05-20","Supply Chain Resilience After Disruptions","Global supply chains continue to recover from years of pandemic-driven disruption. Companies are diversifying suppliers and near-shoring production to reduce future risk. These adjustments come at a cost that is often passed on to consumers in the form of higher prices."
"Jane Winters","pub_006","2024-06-08","Inflation Trends and Consumer Spending","After two years of elevated inflation price growth is beginning to moderate in key categories. Consumer spending remains resilient but shows signs of shifting toward essentials over discretionary goods. Analysts caution that services inflation remains stubbornly high across the economy."
"Marcus Bell","pub_007","2024-01-12","Climate Policy Stalls in Congress","Efforts to pass comprehensive climate legislation have run into fierce opposition from fossil fuel interests and fiscal conservatives. Environmental groups are pushing the administration to act through executive authority where legislative paths are blocked. International partners are watching closely."
"Marcus Bell","pub_008","2024-02-22","Renewable Energy Investment Hits Record","Private investment in solar and wind energy reached an all-time high last quarter according to new industry data. Tax credits from recent legislation are credited with driving the surge. Grid integration and storage remain the biggest technical and regulatory hurdles facing the sector."
"Marcus Bell","pub_009","2024-03-30","Drought Conditions Threaten Agriculture","Persistent drought across western regions is putting severe stress on agricultural output and water supplies for millions of residents. Farmers are facing impossible choices about which crops to prioritize given limited irrigation. Water rights disputes between states are escalating in courts."
"Marcus Bell","pub_010","2024-04-15","Electric Vehicle Adoption Accelerates","Sales of electric vehicles are growing faster than most analysts predicted just two years ago. Falling battery costs and an expanding charging network are removing key barriers for consumers. Automakers are accelerating their transition timelines in response to surging demand."
"Marcus Bell","pub_011","2024-05-05","Carbon Credit Markets Under Scrutiny","Voluntary carbon credit markets are facing intense criticism after investigative reporting revealed widespread overstatement of offset benefits. Regulators are weighing new disclosure requirements. Companies relying on credits to meet net-zero pledges now face significant reputational risk."
"Marcus Bell","pub_012","2024-06-20","Nuclear Energy Sees Renewed Interest","After decades on the political sidelines nuclear power is attracting renewed attention from policymakers seeking low-carbon baseload electricity. New reactor designs promise improved safety and lower costs than previous generations. Waste storage and public perception remain significant obstacles."
"Priya Nair","pub_013","2024-01-18","AI Regulation Debate Heats Up","Governments around the world are racing to establish regulatory frameworks for artificial intelligence before the technology outpaces oversight capacity. The European Union has moved furthest with comprehensive rules. American regulators are still debating the appropriate scope of federal intervention."
"Priya Nair","pub_014","2024-02-28","Big Tech Antitrust Cases Progress","Several major antitrust cases against large technology companies are moving toward trial in federal courts. Prosecutors argue that dominant platforms have stifled competition through acquisitions and exclusionary practices. The companies contend their products benefit consumers and that competition remains vigorous."
"Priya Nair","pub_015","2024-03-10","Social Media and Mental Health Research","A growing body of research is documenting links between heavy social media use and mental health challenges especially among adolescents. Platforms dispute the causal interpretations of the data. Legislators are considering restrictions on engagement-maximizing features that keep users scrolling."
"Priya Nair","pub_016","2024-04-25","Data Privacy Laws Proliferate","With no federal data privacy law in sight states are filling the gap with their own legislation. Businesses operating across multiple states face a patchwork of compliance requirements with differing standards. Consumer advocates say the rules do not go far enough to curb aggressive data collection."
"Priya Nair","pub_017","2024-05-14","Cybersecurity Threats Target Infrastructure","Critical infrastructure operators are reporting a surge in sophisticated cyberattacks attributed to state-sponsored actors from rival nations. Federal agencies have issued emergency guidance and are pushing for improved information sharing between the public and private sectors."
"Priya Nair","pub_018","2024-06-03","Chip Manufacturing Race Intensifies","Competition between the United States and China over semiconductor manufacturing capacity is driving massive government subsidies around the world. New fabrication plants are being constructed at historic cost. Talent shortages threaten to slow the build-out despite generous financial incentives."
"Carlos Rivera","pub_019","2024-01-25","Immigration Policy at the Crossroads","Immigration remains one of the most contentious political issues with no legislative compromise in sight. Border crossing numbers have strained processing and detention resources. Both parties are using the issue for electoral mobilization while practical bipartisan reform remains elusive."
"Carlos Rivera","pub_020","2024-02-14","Housing Affordability Crisis Deepens","Home prices and rents continue to outpace wage growth in most major metropolitan areas making homeownership an increasingly distant goal for younger Americans. Zoning reform is gaining traction as a bipartisan policy response but local implementation faces fierce community resistance."
"Carlos Rivera","pub_021","2024-03-22","Education Funding Disparities Persist","The gap in per-pupil spending between wealthy and low-income school districts remains wide despite decades of reform efforts. Property-tax-based funding systems are frequently cited as the structural root cause of inequality. Several states are facing litigation over constitutional adequacy requirements."
"Carlos Rivera","pub_022","2024-04-10","Healthcare Costs Continue to Climb","Despite policy interventions Americans continue to face some of the highest healthcare costs in the developed world. Drug pricing reform has had modest impact so far on out-of-pocket expenses. Administrative complexity and market consolidation among providers are driving ongoing cost increases."
"Carlos Rivera","pub_023","2024-05-30","Voting Rights Landscape Shifts","A wave of state-level legislation has reshaped voting procedures across the country in the years since the 2020 election. Supporters frame the changes as election integrity measures protecting democratic processes. Opponents argue they are designed to suppress participation among specific demographic groups."
"Carlos Rivera","pub_024","2024-06-15","Criminal Justice Reform Momentum Slows","After a period of bipartisan interest in criminal justice reform following high-profile incidents of police violence momentum has stalled considerably. Rising crime rates in some cities have shifted political incentives away from reform. Advocates argue community investment remains the most evidence-backed path to safety."
"Sofia Andrade","pub_025","2024-01-08","Global Debt Levels Raise Alarms","Sovereign debt levels across both developed and developing economies have risen to historic levels in the wake of pandemic-era spending. Rising interest rates are increasing debt service costs dramatically for many governments. The International Monetary Fund has warned of fiscal stress in multiple vulnerable countries."
"Sofia Andrade","pub_026","2024-02-18","Trade Tensions Reshape Global Alliances","Ongoing trade disputes and the push toward economic decoupling from China are forcing companies and governments to rethink decades-old supply chain relationships. New regional trade agreements are forming to fill the gap. The transition costs are significant but proponents argue long-term resilience benefits justify them."
"Sofia Andrade","pub_027","2024-03-28","Emerging Markets Face Currency Pressure","Several emerging market economies are experiencing significant currency depreciation as the dollar strengthens and capital flows toward higher-yield developed market assets. Import costs are rising sharply and foreign debt burdens are expanding in local currency terms. Central banks are burning through foreign reserves."
"Sofia Andrade","pub_028","2024-04-20","Central Banks Navigate Inflation Dilemma","Central banks in major economies are attempting to bring inflation down without triggering a severe recession in the process. Rate hike cycles have cooled some overheated sectors but the labor market has remained more resilient than expected. The risk of policy error in either direction remains elevated."
"Sofia Andrade","pub_029","2024-05-08","Commodity Markets Respond to Geopolitical Risk","Energy and food commodity prices are reflecting growing geopolitical uncertainty particularly around conflicts affecting key producing regions. Markets are pricing in supply disruption risk that may or may not fully materialize. Developing nations that depend heavily on food imports are especially exposed to price swings."
"Sofia Andrade","pub_030","2024-06-25","Private Equity Under Increased Scrutiny","Private equity firms are facing growing political and regulatory scrutiny over their ownership of hospitals and other essential services. Critics argue that profit extraction harms service quality and long-term affordability for patients. The industry contends it brings operational efficiency and needed capital to underperforming assets."
